id;uuid;usuario;password;reglas
1;82ede32d-aea9-4f56-8481-8d79cd9a0fe3;cbunhill0;exI(j6K/Pt8UW*;perfil-deportivo/deportista/salud
2;6dd35412-d491-45fa-910f-f174e2a8ed26;jbayliss1;dZz<DaJcC;entrenamiento/deportista/estado-fisico
3;49d1b4a6-c595-4d5a-8eab-872b136a626b;lbagworth2;iX>p.I=d~OBQGd;perfil-deportivo/deportista/salud
4;70a25f4e-e88e-44b5-b0cb-4aeaac0f3731;vpetch3;ui3grj5wMoEug;perfil-deportivo/deportista/salud
5;ed0f1c88-5aec-481c-be49-549c25655812;bingleston4;l4EV@*3,iE>)OPZ;facturacion/socio/logistica
6;b1b0324a-216e-4b76-a75b-811f507796f2;adowry5;mCLY+t~@.(a#;facturacion/socio/logistica
7;cddac830-dae1-48f1-804d-e9222181c47d;mstratiff6;sM%{9',p;perfil-deportivo/deportista/salud
8;2302fe84-fc26-4fcd-9fe2-5fd501db8055;awebb7;oqPk'{3YhNV;perfil-deportivo/deportista/salud
9;4bfa41f5-8028-4d1a-ba3a-3731d639cfb9;sstops8;"o_""9~Vfozjl.gzXi";entrenamiento/deportista/estado-fisico
10;366f6868-2897-468d-a66d-c99e48a2d588;rkermott9;quZQTkk9//};perfil-deportivo/deportista/salud
11;2709d618-a7a6-4a93-9246-ebdff8f85b94;okochea;kAg{_73Ia7;perfil-deportivo/deportista/salud
12;c71384ac-4876-4d44-9701-25b86ae0438d;tbursnellb;d>oWaxSoH!Gc4;perfil-deportivo/deportista/salud
13;dcc24de0-a4a9-44d1-afbe-6deb71f9725d;agentschc;lB(H+SqOq_g;perfil-demografico/deportista/pais
14;4e081315-549d-47cc-bfe0-9baff59176c8;yferruzzid;whGvAqQU>FI1Ww;perfil-deportivo/deportista/salud
15;e16e7274-8e0d-494f-9748-a8a68775c598;cvarnalse;fgL,Qdc(dM?4m.d2;perfil-demografico/deportista/pais
16;e79314ed-963f-4618-b4af-c9f3ea45f129;ndungatef;vnW0)hW'S;perfil-deportivo/deportista/salud
17;a40e9007-4ec9-48f0-902d-2f64cb7aa0b4;ucolbertsong;bswoFtv=>0;facturacion/socio/logistica
18;175e6fda-8d8b-4f55-a93c-61970f6a12f4;kpattemoreh;rU=Z`I;perfil-demografico/deportista/pais
19;a3594399-c8b9-4ee4-be66-2dd2bf9b0ff5;rgoghini;npC)rQ)RB|t8EyU#;perfil-deportivo/deportista/salud
20;cdd9f404-b247-4724-86de-5771908bec5e;khackwellj;biBftwxb{?;entrenamiento/deportista/estado-fisico
21;b6a11bb0-7d59-4496-8a29-54f784c41e80;haizikk;kDS8$%NW/aatl;perfil-deportivo/deportista/salud
22;fb45a45e-8e55-4b31-b0fb-6c44bef1ce3c;gomullenl;iX&h?$=p,'wDR;facturacion/socio/logistica
23;be1fc5b2-ad4c-4936-9c7a-4eb2758b401a;btrenholmm;eTAzdYv1O5Dn0v;perfil-deportivo/deportista/salud
24;a2658558-41d0-4faf-bebe-cbca852e75db;tmusicon;p=l=xjXyz.;perfil-demografico/deportista/pais
25;db305036-30a4-4338-a88e-71a44b475556;sgillespeyo;pl=C~|,b;perfil-deportivo/deportista/salud
26;e88c29fa-610b-465c-a80f-61d30664ce19;mmayhoup;"pz+""\BTd`Y.yB`Ll";entrenamiento/deportista/estado-fisico
27;f6e97cef-1838-4358-97aa-56daa173e8ea;jdroughtq;h/c'z>3K{(gLiSiw;entrenamiento/deportista/estado-fisico
28;c9eebc97-2c5f-4b84-a6e8-2e4603ac28bc;rfarnhamr;iWa((Or4Sxtr;entrenamiento/deportista/estado-fisico
29;6bfc6d3b-9ecb-40e1-af48-ad34f17a4be0;fmavens;nc>bVB4J,c(;entrenamiento/deportista/estado-fisico
30;35715c80-b2c4-4164-8ff8-9a130e800d25;dcreelmant;"cM+,X&k""jTeMN";facturacion/socio/logistica
31;72abd199-0f50-472b-9fd3-4854d1ab4260;fthakeu;"q""&&Xi61&wR|D2E";facturacion/socio/logistica
32;b97c44b8-90b3-4569-bcde-aac1b99cdc47;jwaldockev;iF'(fnTL?XKlU;perfil-deportivo/deportista/salud
33;df978915-a9b6-48c9-ac21-422d8a958ca5;ichristoforw;u.GjS|(9)~(5dQ;perfil-demografico/deportista/pais
34;04c3b90a-b169-470f-857b-d0e44f56a690;dblethinx;hH8{PD(u&'vL;perfil-demografico/deportista/pais
35;ceab48d8-c4a9-4fb4-b2ea-117b7a30854b;pfidelusy;d'~uq)L?c!h5.H;perfil-deportivo/deportista/salud
36;9d97be66-dfc4-4368-8573-c458c40ca40e;jsantostefanoz;k!GkA)H6~fZ;perfil-deportivo/deportista/salud
37;7d4de68a-25c0-4ea6-be7a-ce091eaafd6e;tcronkshaw10;sr53ONJOQ@Kv*Y;entrenamiento/deportista/estado-fisico
38;9e553a10-1c9b-43f4-9866-df9213eabe2d;tkentwell11;"f""hKS48PJS7I_L";perfil-deportivo/deportista/salud
39;3c71df30-f723-4f84-818c-20c17214d832;rstilgoe12;jh%x04P#4Z++rW;facturacion/socio/logistica
40;5da357e5-4c9d-40d8-a348-11e188da111b;sgrills13;h#_Hl2lE7wB;perfil-demografico/deportista/pais
41;1d2b88d6-a217-41ca-a239-a02998a949d0;jbaldam14;sg,,F{XUNw3Gp;perfil-demografico/deportista/pais
42;e32a264b-14e9-4bae-9ebf-e68366a80c69;lgozzard15;nqr/>ES3Hlg;perfil-demografico/deportista/pais
43;a7e1efc2-eea0-494a-b089-6891f9975bbe;rmirrlees16;zh2j=1mP;facturacion/socio/logistica
44;f5639ff2-bce9-4853-a27e-151f97266cd7;cvandenhoff17;uk,jVwMR;perfil-deportivo/deportista/salud
45;cf22f546-78a0-4544-b913-ae4f65a90419;rtiller18;p+wF<8cmbtp;perfil-deportivo/deportista/salud
46;658e43c0-eb40-4c13-b7f9-65420bcba383;hmeddick19;yBqJ@+#oI;facturacion/socio/logistica
47;7a54d87a-d2a8-45c3-85bf-f25c54985c2e;npingston1a;rV}u`nFxzy1d;perfil-deportivo/deportista/salud
48;0850272e-5ddd-40d9-9d14-8fe5e9d70217;gcomiam1b;f5c{a.v+~A;entrenamiento/deportista/estado-fisico
49;78609a8a-c1be-4ed2-93ab-452f73c5cda3;owaddup1c;"xH\wFFpd%C}+F""";entrenamiento/deportista/estado-fisico
50;b5dd1543-32b2-4943-b8ff-e8a5a182364f;jbuckett1d;l`G{``}.Usc<I#;perfil-demografico/deportista/pais
51;0e807375-c0d6-476a-bef3-d557f7ed4352;acomelini1e;lOb'/hPefW=*;perfil-deportivo/deportista/salud
52;d2463df3-63b5-4fb8-aa36-b54268e48351;jdurbin1f;"p>f""!&>9K";facturacion/socio/logistica
53;59267d01-1087-43bb-a7a3-47382df63df8;tlacase1g;ig!<I(%MN;perfil-deportivo/deportista/salud
54;07cf4f7b-a3df-417f-bb2f-94b033a3058b;ggoldsworthy1h;m`R6RC'}TyX8>e;facturacion/socio/logistica
55;573370d4-58c7-4d2c-bfbf-b85fa48d507a;cpingstone1i;d0%w4mX+NwFr&\Cd;perfil-demografico/deportista/pais
56;0842ddbb-fc71-427f-9ce7-d83c302f76f0;dpimm1j;"rfCJZ+Kt(""(1bc_>";perfil-deportivo/deportista/salud
57;0c17c22c-56b8-4bbd-b2cf-86736aff72f0;kmeo1k;duGu@Q0ePDg<@l;perfil-demografico/deportista/pais
58;91d77d74-a57f-4c3e-9cc7-84d009daa370;chedon1l;fQ>chlk~l0?I&EE;perfil-deportivo/deportista/salud
59;fa88d7dd-8974-4973-9c1c-bb2e8864adea;agreensitt1m;t5'QA`7w3dM.k,6H;perfil-deportivo/deportista/salud
60;6bed1ad9-78a5-469f-a39e-f52596d574b4;mmacdaid1n;jxI7gq}We;perfil-demografico/deportista/pais
61;05c780ce-476d-4bc0-94ac-ea7279257f3b;lkleinstern1o;xvbeNG'lix0#;perfil-deportivo/deportista/salud
62;34588222-8fce-48c8-bc29-407e1646e2b6;ptremayne1p;n>t}hdb>=1p;perfil-deportivo/deportista/salud
63;3e526da8-9130-4f96-a965-d9fdf96dd794;lchominski1q;"j>T}UUqN=#uC.>u""";facturacion/socio/logistica
64;1e2d1e87-9827-4f4c-baea-5d63eb40dd56;fmartill1r;h*|+oagb_ZB|;entrenamiento/deportista/estado-fisico
65;2940438c-8f23-444a-bcd0-69370d297b11;plevy1s;sF|sOCy}eW)sq;perfil-demografico/deportista/pais
66;0df1b149-df76-40e8-81a4-95da73fe3337;hkarlicek1t;q),psN>1yS__uf3;facturacion/socio/logistica
67;464f4ef6-eb9d-4c10-8699-fc93bddcfff0;mbroz1u;tz?ziZdP!E_lVDl>;perfil-deportivo/deportista/salud
68;582ecef6-1d30-4077-9631-748090c971cc;bbrommage1v;e*3wk5P,2+o;perfil-deportivo/deportista/salud
69;d113833e-e128-4e00-95a1-8ecbef020c8a;iianinotti1w;dmcS2Kpu;perfil-deportivo/deportista/salud
70;1b9a2cba-b773-4c06-b7f7-01bba87a3cb5;cbassford1x;p5!7,4;perfil-demografico/deportista/pais
